{
  "timestamp": "2026-02-10T01:54:42.390139",
  "config": {
    "hidden_sizes": [
      512,
      1024,
      2048
    ],
    "lora_ranks": [
      8,
      16,
      32
    ],
    "num_iterations": 50,
    "warmup_iterations": 10,
    "seed": 42
  },
  "linear_lora": [
    {
      "hidden_size": 512,
      "lora_rank": 8,
      "mean_time_us": 752.8511199870991,
      "std_time_us": 113.69117375432128,
      "min_time_us": 612.0889997873746,
      "max_time_us": 1156.7420001483697,
      "p50_time_us": 715.3309999239355,
      "p95_time_us": 973.5960501302543,
      "p99_time_us": 1097.4667000868974,
      "ops_per_second": 1328.2838710755136,
      "ckks_mults": 2,
      "ckks_adds": 1,
      "rotations": 0,
      "rescales": 2,
      "multiplicative_depth": 2,
      "max_error": 0.0585313042213324,
      "mean_error": 0.042635021531303885,
      "rms_error": 0.04381452945178815
    },
    {
      "hidden_size": 512,
      "lora_rank": 16,
      "mean_time_us": 408.4085999920717,
      "std_time_us": 139.96164404528858,
      "min_time_us": 280.72000009160547,
      "max_time_us": 797.1469999574765,
      "p50_time_us": 341.9029999349732,
      "p95_time_us": 691.974000017126,
      "p99_time_us": 771.2318799440253,
      "ops_per_second": 2448.528263164421,
      "ckks_mults": 2,
      "ckks_adds": 1,
      "rotations": 0,
      "rescales": 2,
      "multiplicative_depth": 2,
      "max_error": 0.09087164530751127,
      "mean_error": 0.058192897403849066,
      "rms_error": 0.059212860933076074
    },
    {
      "hidden_size": 512,
      "lora_rank": 32,
      "mean_time_us": 346.8018200010192,
      "std_time_us": 130.30110680915968,
      "min_time_us": 270.8209999582323,
      "max_time_us": 1035.684999806108,
      "p50_time_us": 302.7900000915906,
      "p95_time_us": 457.220500038602,
      "p99_time_us": 926.9966298916183,
      "ops_per_second": 2883.4912111968188,
      "ckks_mults": 2,
      "ckks_adds": 1,
      "rotations": 0,
      "rescales": 2,
      "multiplicative_depth": 2,
      "max_error": 0.10729316285348915,
      "mean_error": 0.08172133032114086,
      "rms_error": 0.08259300444808931
    },
    {
      "hidden_size": 1024,
      "lora_rank": 8,
      "mean_time_us": 754.455459982637,
      "std_time_us": 160.79162682523057,
      "min_time_us": 497.49400000109745,
      "max_time_us": 953.023999954894,
      "p50_time_us": 849.1505000165489,
      "p95_time_us": 906.0229000056097,
      "p99_time_us": 947.7025999672151,
      "ops_per_second": 1325.4592922198667,
      "ckks_mults": 2,
      "ckks_adds": 1,
      "rotations": 0,
      "rescales": 2,
      "multiplicative_depth": 2,
      "max_error": 0.10961082791750831,
      "mean_error": 0.06822686737647239,
      "rms_error": 0.07066868646311623
    },
    {
      "hidden_size": 1024,
      "lora_rank": 16,
      "mean_time_us": 840.1126200260478,
      "std_time_us": 112.12901594073219,
      "min_time_us": 516.8529999082239,
      "max_time_us": 988.8600000067527,
      "p50_time_us": 855.6085000464009,
      "p95_time_us": 956.3632999402216,
      "p99_time_us": 978.5131600210661,
      "ops_per_second": 1190.316602991864,
      "ckks_mults": 2,
      "ckks_adds": 1,
      "rotations": 0,
      "rescales": 2,
      "multiplicative_depth": 2,
      "max_error": 0.12622778255677508,
      "mean_error": 0.0875329784224705,
      "rms_error": 0.08933638221295553
    },
    {
      "hidden_size": 1024,
      "lora_rank": 32,
      "mean_time_us": 877.921379997133,
      "std_time_us": 118.59134048127247,
      "min_time_us": 494.8509999849193,
      "max_time_us": 1142.651999998634,
      "p50_time_us": 881.3690000124552,
      "p95_time_us": 1081.2035500180173,
      "p99_time_us": 1124.8713699706059,
      "ops_per_second": 1139.054159955947,
      "ckks_mults": 2,
      "ckks_adds": 1,
      "rotations": 0,
      "rescales": 2,
      "multiplicative_depth": 2,
      "max_error": 0.18663592549005256,
      "mean_error": 0.12337827922949135,
      "rms_error": 0.1246476100748082
    },
    {
      "hidden_size": 2048,
      "lora_rank": 8,
      "mean_time_us": 1079.0028600058577,
      "std_time_us": 108.22601549160125,
      "min_time_us": 980.5330000745016,
      "max_time_us": 1532.6970001297013,
      "p50_time_us": 1048.3534999821131,
      "p95_time_us": 1330.1279500410594,
      "p99_time_us": 1489.1428600390097,
      "ops_per_second": 926.781602779599,
      "ckks_mults": 2,
      "ckks_adds": 1,
      "rotations": 0,
      "rescales": 2,
      "multiplicative_depth": 2,
      "max_error": 0.141887660220737,
      "mean_error": 0.08378892538757414,
      "rms_error": 0.08702225808636666
    },
    {
      "hidden_size": 2048,
      "lora_rank": 16,
      "mean_time_us": 1078.2822199826114,
      "std_time_us": 142.5395862134846,
      "min_time_us": 972.0069999730185,
      "max_time_us": 1890.548000119452,
      "p50_time_us": 1051.2249999692358,
      "p95_time_us": 1217.2993999570276,
      "p99_time_us": 1706.8906099939334,
      "ops_per_second": 927.4009915661284,
      "ckks_mults": 2,
      "ckks_adds": 1,
      "rotations": 0,
      "rescales": 2,
      "multiplicative_depth": 2,
      "max_error": 0.17150011508499965,
      "mean_error": 0.13348601256792883,
      "rms_error": 0.13469481110771878
    },
    {
      "hidden_size": 2048,
      "lora_rank": 32,
      "mean_time_us": 1166.529999973136,
      "std_time_us": 193.07292087174167,
      "min_time_us": 985.6750000380998,
      "max_time_us": 2113.337999844589,
      "p50_time_us": 1114.815499931865,
      "p95_time_us": 1481.2829998959387,
      "p99_time_us": 1836.8530498582902,
      "ops_per_second": 857.2432770893411,
      "ckks_mults": 2,
      "ckks_adds": 1,
      "rotations": 0,
      "rescales": 2,
      "multiplicative_depth": 2,
      "max_error": 0.25624752326686623,
      "mean_error": 0.18835061600341532,
      "rms_error": 0.1908936840211171
    }
  ],
  "gated_lora": [
    {
      "hidden_size": 512,
      "lora_rank": 8,
      "gate_type": "step",
      "mean_time_us": 24.267599974336918,
      "std_time_us": 4.406276353624514,
      "min_time_us": 19.814000097539974,
      "max_time_us": 36.81599991978146,
      "p50_time_us": 21.969999920656846,
      "p95_time_us": 33.87900000006993,
      "p99_time_us": 36.327469961179304,
      "ops_per_second": 41207.20635981737,
      "ckks_ops": 10,
      "tfhe_lut_evals": 1,
      "bootstraps": 1,
      "bridge_ops": 3,
      "multiplicative_depth": 4,
      "max_error": 1.1809406563756397e-07,
      "mean_error": 4.6306044367838694e-08,
      "rms_error": 7.32224762223427e-08,
      "gate_on_rate": 0.4
    },
    {
      "hidden_size": 512,
      "lora_rank": 16,
      "gate_type": "step",
      "mean_time_us": 26.54076002727379,
      "std_time_us": 4.653475970147284,
      "min_time_us": 22.23699993919581,
      "max_time_us": 44.174999857204966,
      "p50_time_us": 24.544000098103425,
      "p95_time_us": 34.73220008345378,
      "p99_time_us": 41.713239932050776,
      "ops_per_second": 37677.89614812767,
      "ckks_ops": 10,
      "tfhe_lut_evals": 1,
      "bootstraps": 1,
      "bridge_ops": 3,
      "multiplicative_depth": 4,
      "max_error": 1.998146679227375e-07,
      "mean_error": 7.481970751399558e-08,
      "rms_error": 9.438902117671692e-08,
      "gate_on_rate": 0.64
    },
    {
      "hidden_size": 512,
      "lora_rank": 32,
      "gate_type": "step",
      "mean_time_us": 31.406039988723933,
      "std_time_us": 4.501860373315573,
      "min_time_us": 26.717000082499,
      "max_time_us": 45.098999862602795,
      "p50_time_us": 29.859500045859022,
      "p95_time_us": 41.81789990980178,
      "p99_time_us": 44.17681992208599,
      "ops_per_second": 31841.0089383775,
      "ckks_ops": 10,
      "tfhe_lut_evals": 1,
      "bootstraps": 1,
      "bridge_ops": 3,
      "multiplicative_depth": 4,
      "max_error": 1.2311340791271164e-07,
      "mean_error": 6.011127338112487e-08,