{
  "timestamp": "2026-02-02T08:17:10.363144",
  "config": {
    "hidden_sizes": [
      512,
      1024
    ],
    "lora_ranks": [
      8,
      16,
      32
    ],
    "num_iterations": 100,
    "warmup_iterations": 10,
    "seed": 42
  },
  "linear_lora": [
    {
      "hidden_size": 512,
      "lora_rank": 8,
      "mean_time_us": 722.0201399957203,
      "std_time_us": 62.0229164209074,
      "min_time_us": 559.513999974115,
      "max_time_us": 890.3379999765093,
      "p50_time_us": 713.9200000096935,
      "p95_time_us": 839.3275499429365,
      "p99_time_us": 864.9336100938855,
      "ops_per_second": 1385.0029169628529,
      "ckks_mults": 2,
      "ckks_adds": 1,
      "rotations": 0,
      "rescales": 2,
      "multiplicative_depth": 2,
      "max_error": 0.06641177683869205,
      "mean_error": 0.04259540821981575,
      "rms_error": 0.044038987027268224
    },
    {
      "hidden_size": 512,
      "lora_rank": 16,
      "mean_time_us": 411.1421599975529,
      "std_time_us": 96.17673358668769,
      "min_time_us": 325.82099993305746,
      "max_time_us": 700.5119999803355,
      "p50_time_us": 373.63650000088455,
      "p95_time_us": 663.9857500317703,
      "p99_time_us": 689.64971993978,
      "ops_per_second": 2432.248738504346,
      "ckks_mults": 2,
      "ckks_adds": 1,
      "rotations": 0,
      "rescales": 2,
      "multiplicative_depth": 2,
      "max_error": 0.09087164530751127,
      "mean_error": 0.05791186720806394,
      "rms_error": 0.0590409234666764
    },
    {
      "hidden_size": 512,
      "lora_rank": 32,
      "mean_time_us": 362.20862999925885,
      "std_time_us": 59.907962395969165,
      "min_time_us": 314.65799997931754,
      "max_time_us": 864.2000000236294,
      "p50_time_us": 352.50199999836695,
      "p95_time_us": 402.3089999407148,
      "p99_time_us": 540.4056499457982,
      "ops_per_second": 2760.839795567671,
      "ckks_mults": 2,
      "ckks_adds": 1,
      "rotations": 0,
      "rescales": 2,
      "multiplicative_depth": 2,
      "max_error": 0.1151676450245083,
      "mean_error": 0.08159780169238698,
      "rms_error": 0.08260049211248141
    },
    {
      "hidden_size": 1024,
      "lora_rank": 8,
      "mean_time_us": 729.3190299947129,
      "std_time_us": 166.54760186203552,
      "min_time_us": 575.6719999681081,
      "max_time_us": 1327.5769999836484,
      "p50_time_us": 635.5124999686268,
      "p95_time_us": 1001.2635000521184,
      "p99_time_us": 1202.6647399818564,
      "ops_per_second": 1371.142063860927,
      "ckks_mults": 2,
      "ckks_adds": 1,
      "rotations": 0,
      "rescales": 2,
      "multiplicative_depth": 2,
      "max_error": 0.11302847701464533,
      "mean_error": 0.06259057965937974,
      "rms_error": 0.065239478170285
    },
    {
      "hidden_size": 1024,
      "lora_rank": 16,
      "mean_time_us": 823.5701600108313,
      "std_time_us": 179.4014024657796,
      "min_time_us": 597.71600001568,
      "max_time_us": 1302.9469999992216,
      "p50_time_us": 825.0610000004599,
      "p95_time_us": 1101.433199960411,
      "p99_time_us": 1247.536699937655,
      "ops_per_second": 1214.225634385355,
      "ckks_mults": 2,
      "ckks_adds": 1,
      "rotations": 0,
      "rescales": 2,
      "multiplicative_depth": 2,
      "max_error": 0.13911573518379558,
      "mean_error": 0.08627106929085336,
      "rms_error": 0.08796898863544206
    },
    {
      "hidden_size": 1024,
      "lora_rank": 32,
      "mean_time_us": 777.0457200012971,
      "std_time_us": 173.7912424536709,
      "min_time_us": 587.8439999378315,
      "max_time_us": 1195.9800000340692,
      "p50_time_us": 676.753000050212,
      "p95_time_us": 1034.4903500083547,
      "p99_time_us": 1192.9199099813559,
      "ops_per_second": 1286.925562112781,
      "ckks_mults": 2,
      "ckks_adds": 1,
      "rotations": 0,
      "rescales": 2,
      "multiplicative_depth": 2,
      "max_error": 0.18663592549005256,
      "mean_error": 0.1252066763158883,
      "rms_error": 0.12668038736080456
    }
  ],
  "gated_lora": [
    {
      "hidden_size": 512,
      "lora_rank": 8,
      "gate_type": "step",
      "mean_time_us": 67.37429000054362,
      "std_time_us": 9.446256486019289,
      "min_time_us": 58.30099996728677,
      "max_time_us": 102.98600000169245,
      "p50_time_us": 62.923000029968534,
      "p95_time_us": 87.14769998050542,
      "p99_time_us": 94.57793000592578,
      "ops_per_second": 14842.456966773694,
      "ckks_ops": 10,
      "tfhe_lut_evals": 1,
      "bootstraps": 1,
      "bridge_ops": 3,
      "multiplicative_depth": 4,
      "max_error": 0.013562402381624095,
      "mean_error": 0.00013567567883268739,
      "rms_error": 0.0013562402403511612,
      "gate_on_rate": 0.46
    },
    {
      "hidden_size": 512,
      "lora_rank": 16,
      "gate_type": "step",
      "mean_time_us": 70.49379000250156,
      "std_time_us": 9.647171229305796,
      "min_time_us": 61.52800006020698,
      "max_time_us": 107.84300002342206,
      "p50_time_us": 65.94350003297222,
      "p95_time_us": 89.54189997893991,
      "p99_time_us": 103.27217007784387,
      "ops_per_second": 14185.646706816498,
      "ckks_ops": 10,
      "tfhe_lut_evals": 1,
      "bootstraps": 1,
      "bridge_ops": 3,
      "multiplicative_depth": 4,
      "max_error": 1.998146679227375e-07,
      "mean_error": 5.9416748752205704e-08,
      "rms_error": 8.37003230515675e-08,
      "gate_on_rate": 0.51
    },
    {
      "hidden_size": 512,
      "lora_rank": 32,
      "gate_type": "step",
      "mean_time_us": 88.28316999711205,
      "std_time_us": 29.885910299090718,
      "min_time_us": 66.45799999205337,
      "max_time_us": 241.18500004988164,
      "p50_time_us": 79.02850001073602,
      "p95_time_us": 148.01969998075035,
      "p99_time_us": 202.09979999549452,
      "ops_per_second": 11327.187277401936,
      "ckks_ops": 10,
      "tfhe_lut_evals": 1,
      "bootstraps": 1,
      "bridge_ops": 3,
      "multiplicative_depth": 4,
      "max_error": 0.03818664407159489,
      "mean_error": 0.0003819271579215766,
      "rms_error": 0.0038186644081085476,
      "gate_on_rate": 0.53
    },
    {
      "hidden_size": 1024,
      "lora_rank": 8,
      "gate_type": "step",
      "mean_time_us": 69.41482999991422,
      "std_time_us": 8.710092160533195,
      "min_time_us": 61.9339999730073,
      "max_time_us": 113.48199996064068,
      "p50_time_us": 65.70549999196373,
      "p95_time_us": 83.3910000267224,
      "p99_time_us": 111.1901499996293,
      "ops_per_second": 14406.143471088753,
      "ckks_ops": 10,
      "tfhe_lut_evals": 1,
      "bootstraps": 1,
      "bridge_ops": 3,
      "multiplicative_depth": 4,
      "max_error": 1.2590096698517073e-07,
      "mean_error": 5.634854800984357e-08,
      "rms_error": 8.135870941489184e-08,
      "gate_on_rate": 0.48
    },
    {
      "hidden_size": 1024,
      "lora_rank": 16,
      "gate_type": "step",
      "mean_time_us": 75.25932000021385,
      "std_time_us": 6.682839311934417,
      "min_time_us": 68.51499995264021,
      "max_time_us": 99.8290000779889,
      "p50_time_us": 72.24899997027023,
      "p95_time_us": 89.02399991939092,
      "p99_time_us": 97.06986999390212,
      "ops_per_second": 13287.3908506901,
      "ckks_ops": 10,
      "tfhe_lut_evals": 1,
      "bootstraps": 1,
      "bridge_ops": 3,
      "multiplicative_depth": 4,
      "max_error": 0.045863433002040876,
      "mean_error": 0.00045870875477086457,
      "rms_error": 0.004586343301191378,
      "gate_on_rate": 0.63
    },
    {
      "hidden_size": 1024,
      "lora_rank": 32,
      "gate_type": "step",
      "mean_time_us": 96.21135000770664,
      "std_time_us": 15.331816340479412,
      "min_time_us": 82.79300004687684,
      "max_time_us": 166.72699996433948,
      "p50_time_us": 89.63499999481428,
      "p95_time_us": 129.415900028107,
      "p99_time_us": 153.7421600858125,
      "ops_per_second": 10393.784100523471,
      "ckks_ops": 10,
      "tfhe_lut_evals": 1,