{
  "benchmark_params": {
    "keygen_runs": 50,
    "init_runs": 20,
    "delta_trials": 50,
    "delta_warmup": 5
  },
  "results": {
    "single_block": {
      "config": {
        "hidden_dim": 768,
        "batch_size": 2,
        "rank": 16,
        "alpha": 32.0,
        "hybrid_galois_steps": []
      },
      "before": {
        "label": "BEFORE [h=768, b=2]",
        "mode": "BEFORE",
        "hidden_dim": 768,
        "batch_size": 2,
        "galois_key_count": 11,
        "keygen_mean_ms": 23.916147439992983,
        "keygen_std_ms": 3.631856418144202,
        "keygen_memory_bytes": 7346299,
        "server_init_mean_ms": 25.36358979999136,
        "server_init_std_ms": 1.614215452217726,
        "server_init_memory_bytes": 7346930,
        "scheduler_rotations": 0,
        "scheduler_galois_keys_needed": 0,
        "delta_mean_ms": 0.07108382000296842,
        "delta_std_ms": 0.009112229422321861,
        "delta_min_ms": 0.06087599990678427,
        "delta_max_ms": 0.09824699998262076
      },
      "after": {
        "label": "AFTER [h=768, b=2]",
        "mode": "AFTER",
        "hidden_dim": 768,
        "batch_size": 2,
        "galois_key_count": 0,
        "keygen_mean_ms": 5.763051299991275,
        "keygen_std_ms": 0.49877591162152257,
        "keygen_memory_bytes": 1574726,
        "server_init_mean_ms": 7.509330299978956,
        "server_init_std_ms": 0.7012320846325457,
        "server_init_memory_bytes": 1575165,
        "scheduler_rotations": 0,
        "scheduler_galois_keys_needed": 0,
        "delta_mean_ms": 0.06713803999218726,
        "delta_std_ms": 0.008337963886130053,
        "delta_min_ms": 0.05971799998860661,
        "delta_max_ms": 0.09794300001431111
      },
      "hybrid": {
        "label": "HYBRID [h=768, b=2]",
        "mode": "HYBRID",
        "hidden_dim": 768,
        "batch_size": 2,
        "galois_key_count": 0,
        "keygen_mean_ms": 5.7813493600087895,
        "keygen_std_ms": 0.5438382050100601,
        "keygen_memory_bytes": 1574646,
        "server_init_mean_ms": 7.341348100004552,
        "server_init_std_ms": 0.7727144714495425,
        "server_init_memory_bytes": 1575085,
        "scheduler_rotations": 0,
        "scheduler_galois_keys_needed": 0,
        "delta_mean_ms": 0.06724164000161181,
        "delta_std_ms": 0.008862360727967408,
        "delta_min_ms": 0.06020199998602038,
        "delta_max_ms": 0.11314000005313574
      }
    },
    "multi_block": {
      "config": {
        "hidden_dim": 4096,
        "batch_size": 1,
        "rank": 16,
        "alpha": 32.0,
        "hybrid_galois_steps": [
          1024,
          2048
        ]
      },
      "before": {
        "label": "BEFORE [h=4096, b=1]",
        "mode": "BEFORE",
        "hidden_dim": 4096,
        "batch_size": 1,
        "galois_key_count": 11,
        "keygen_mean_ms": 23.866243059997032,
        "keygen_std_ms": 1.1282306612078878,
        "keygen_memory_bytes": 7346091,
        "server_init_mean_ms": 26.12965830000462,
        "server_init_std_ms": 1.609627919096707,
        "server_init_memory_bytes": 7346530,
        "scheduler_rotations": 2,
        "scheduler_galois_keys_needed": 2,
        "delta_mean_ms": 0.1749943399863696,
        "delta_std_ms": 0.019148810268684112,
        "delta_min_ms": 0.15042600000469974,
        "delta_max_ms": 0.24519500004771544
      },
      "after": {
        "label": "AFTER [h=4096, b=1]",
        "mode": "AFTER",
        "hidden_dim": 4096,
        "batch_size": 1,
        "galois_key_count": 0,
        "keygen_mean_ms": 5.876250200001323,
        "keygen_std_ms": 0.4441847712743607,
        "keygen_memory_bytes": 1574502,
        "server_init_mean_ms": 7.480997999999772,
        "server_init_std_ms": 0.3148996697205807,
        "server_init_memory_bytes": 1574941,
        "scheduler_rotations": 2,
        "scheduler_galois_keys_needed": 2,
        "delta_mean_ms": 0.1939027600042209,
        "delta_std_ms": 0.028131192283509653,
        "delta_min_ms": 0.15023800006019883,
        "delta_max_ms": 0.270864999947662
      },
      "hybrid": {
        "label": "HYBRID [h=4096, b=1]",
        "mode": "HYBRID",
        "hidden_dim": 4096,
        "batch_size": 1,
        "galois_key_count": 2,
        "keygen_mean_ms": 9.332510280003135,
        "keygen_std_ms": 0.6502046934877395,
        "keygen_memory_bytes": 2623698,
        "server_init_mean_ms": 10.467747449996523,
        "server_init_std_ms": 0.2829960059902953,
        "server_init_memory_bytes": 2624297,
        "scheduler_rotations": 2,
        "scheduler_galois_keys_needed": 2,
        "delta_mean_ms": 0.191231059995971,
        "delta_std_ms": 0.037046493767833054,
        "delta_min_ms": 0.15085699999417557,
        "delta_max_ms": 0.39016699997773685
      }
    }
  }
}